"GO.ID","Term","Annotated","Significant","Expected","Rank in classicFisher","classicFisher","classicKS","elimKS"
"GO:0044283","small molecule biosynthetic process",6,4,1.04,1,"0.0092","0.0049","0.0049"
"GO:1903047","mitotic cell cycle process",6,2,1.04,61,"0.2805","0.0087","0.0087"
"GO:0017144","drug metabolic process",5,3,0.87,4,"0.0381","0.0122","0.0122"
"GO:1901361","organic cyclic compound catabolic proces...",7,3,1.22,26,"0.1033","0.0222","0.0222"
"GO:0009166","nucleotide catabolic process",4,2,0.7,29,"0.1409","0.0300","0.0300"
"GO:0034404","nucleobase-containing small molecule bio...",4,2,0.7,30,"0.1409","0.0300","0.0300"
"GO:1901292","nucleoside phosphate catabolic process",4,2,0.7,31,"0.1409","0.0300","0.0300"
"GO:1901615","organic hydroxy compound metabolic proce...",3,2,0.52,18,"0.0791","0.0340","0.0340"
"GO:0019439","aromatic compound catabolic process",6,3,1.04,10,"0.0671","0.0521","0.0521"
"GO:0034655","nucleobase-containing compound catabolic...",6,3,1.04,11,"0.0671","0.0521","0.0521"
"GO:0044270","cellular nitrogen compound catabolic pro...",6,3,1.04,12,"0.0671","0.0521","0.0521"
"GO:0046700","heterocycle catabolic process",6,3,1.04,13,"0.0671","0.0521","0.0521"
"GO:0006091","generation of precursor metabolites and ...",3,2,0.52,19,"0.0791","0.0564","0.0564"
"GO:0006694","steroid biosynthetic process",3,1,0.52,100,"0.4383","0.0703","0.0703"
"GO:0008202","steroid metabolic process",3,1,0.52,101,"0.4383","0.0703","0.0703"
"GO:0044249","cellular biosynthetic process",48,13,8.36,6,"0.0414","0.0784","0.0784"
"GO:0051726","regulation of cell cycle",6,2,1.04,62,"0.2805","0.0789","0.0789"
"GO:0009056","catabolic process",16,6,2.79,5,"0.0396","0.0844","0.0844"
"GO:0044248","cellular catabolic process",14,6,2.44,3,"0.0196","0.0873","0.0873"
"GO:1901575","organic substance catabolic process",14,5,2.44,16,"0.0741","0.0873","0.0873"
"GO:0010564","regulation of cell cycle process",3,1,0.52,102,"0.4383","0.0962","0.0962"
"GO:1901576","organic substance biosynthetic process",49,13,8.53,8,"0.0490","0.0988","0.0988"
"GO:0005975","carbohydrate metabolic process",8,2,1.39,91,"0.4200","0.1025","0.1025"
"GO:0006081","cellular aldehyde metabolic process",3,1,0.52,103,"0.4383","0.1063","0.1063"
"GO:0006260","DNA replication",3,1,0.52,104,"0.4383","0.1135","0.1135"
"GO:0071103","DNA conformation change",3,0,0.52,384,"1.0000","0.1135","0.1135"
"GO:0006753","nucleoside phosphate metabolic process",5,2,0.87,45,"0.2094","0.1189","0.1189"
"GO:0009117","nucleotide metabolic process",5,2,0.87,46,"0.2094","0.1189","0.1189"
"GO:0046434","organophosphate catabolic process",5,2,0.87,47,"0.2094","0.1189","0.1189"
"GO:0007010","cytoskeleton organization",10,4,1.74,17,"0.0752","0.1404","0.1404"
"GO:0032787","monocarboxylic acid metabolic process",3,2,0.52,20,"0.0791","0.1445","0.1445"
"GO:0006352","DNA-templated transcription, initiation",4,2,0.7,32,"0.1409","0.1559","0.1559"
"GO:0007346","regulation of mitotic cell cycle",5,1,0.87,196,"0.6194","0.1638","0.1638"
"GO:0016192","vesicle-mediated transport",14,4,2.44,52,"0.2111","0.1652","0.1652"
"GO:0051640","organelle localization",3,1,0.52,105,"0.4383","0.1746","0.1746"
"GO:0006793","phosphorus metabolic process",45,10,7.83,56,"0.2280","0.1769","0.1769"
"GO:0006796","phosphate-containing compound metabolic ...",45,10,7.83,57,"0.2280","0.1769","0.1769"
"GO:0071704","organic substance metabolic process",128,27,22.29,9,"0.0654","0.1933","0.1933"
"GO:0006508","proteolysis",12,2,2.09,237,"0.6516","0.2128","0.2128"
"GO:0006869","lipid transport",3,2,0.52,21,"0.0791","0.2226","0.2226"
"GO:0010876","lipid localization",3,2,0.52,22,"0.0791","0.2226","0.2226"
"GO:0051301","cell division",4,2,0.7,33,"0.1409","0.2311","0.2311"
"GO:0008152","metabolic process",148,30,25.77,23,"0.0801","0.1757","0.2346"
"GO:0008610","lipid biosynthetic process",8,2,1.39,92,"0.4200","0.2581","0.2581"
"GO:1901360","organic cyclic compound metabolic proces...",51,13,8.88,14,"0.0673","0.2653","0.2653"
"GO:1901135","carbohydrate derivative metabolic proces...",8,2,1.39,93,"0.4200","0.2691","0.2691"
"GO:0006139","nucleobase-containing compound metabolic...",48,12,8.36,24,"0.0913","0.2758","0.2758"
"GO:0046483","heterocycle metabolic process",48,12,8.36,25,"0.0913","0.2758","0.2758"
"GO:0045454","cell redox homeostasis",4,0,0.7,385,"1.0000","0.2764","0.2764"
"GO:0006082","organic acid metabolic process",4,2,0.7,34,"0.1409","0.2764","0.2764"
"GO:0019752","carboxylic acid metabolic process",4,2,0.7,35,"0.1409","0.2764","0.2764"
"GO:0043436","oxoacid metabolic process",4,2,0.7,36,"0.1409","0.2764","0.2764"
"GO:0055086","nucleobase-containing small molecule met...",6,2,1.04,63,"0.2805","0.2764","0.2764"
"GO:0016310","phosphorylation",30,7,5.22,60,"0.2471","0.2823","0.2823"
"GO:0009987","cellular process",167,32,29.08,43,"0.1636","0.2392","0.2847"
"GO:0051641","cellular localization",18,4,3.13,86,"0.3846","0.2850","0.2850"
"GO:0006897","endocytosis",6,2,1.04,64,"0.2805","0.2897","0.2897"
"GO:0098657","import into cell",6,2,1.04,65,"0.2805","0.2897","0.2897"
"GO:0009725","response to hormone",4,1,0.7,143,"0.5374","0.3010","0.3010"
"GO:0044237","cellular metabolic process",119,26,20.72,7,"0.0448","0.3135","0.3135"
"GO:0006470","protein dephosphorylation",4,1,0.7,144,"0.5374","0.3181","0.3181"
"GO:0006725","cellular aromatic compound metabolic pro...",49,12,8.53,27,"0.1050","0.3222","0.3222"
"GO:0044262","cellular carbohydrate metabolic process",4,1,0.7,145,"0.5374","0.3268","0.3268"
"GO:0007420","brain development",8,1,1.39,314,"0.7893","0.3288","0.3288"
"GO:0060322","head development",8,1,1.39,315,"0.7893","0.3288","0.3288"
"GO:0007186","G protein-coupled receptor signaling pat...",8,2,1.39,94,"0.4200","0.3415","0.3415"
"GO:0034641","cellular nitrogen compound metabolic pro...",57,13,9.92,41,"0.1489","0.3514","0.3514"
"GO:0043412","macromolecule modification",44,9,7.66,79,"0.3457","0.3538","0.3538"
"GO:0043543","protein acylation",3,1,0.52,106,"0.4383","0.3558","0.3558"
"GO:0048513","animal organ development",19,3,3.31,245,"0.6782","0.3651","0.3651"
"GO:0044238","primary metabolic process",123,25,21.42,28,"0.1371","0.3714","0.3714"
"GO:0000226","microtubule cytoskeleton organization",5,2,0.87,48,"0.2094","0.3725","0.3725"
"GO:0009057","macromolecule catabolic process",6,2,1.04,66,"0.2805","0.3771","0.3771"
"GO:0044265","cellular macromolecule catabolic process",6,2,1.04,67,"0.2805","0.3771","0.3771"
"GO:1901566","organonitrogen compound biosynthetic pro...",8,3,1.39,39,"0.1456","0.3813","0.3813"
"GO:0006468","protein phosphorylation",27,6,4.7,77,"0.3198","0.3890","0.3890"
"GO:0007017","microtubule-based process",10,3,1.74,59,"0.2429","0.3947","0.3947"
"GO:0006996","organelle organization",24,4,4.18,236,"0.6335","0.3978","0.3978"
"GO:0051235","maintenance of location",4,2,0.7,37,"0.1409","0.4111","0.4111"
"GO:0006396","RNA processing",6,2,1.04,68,"0.2805","0.4129","0.4129"
"GO:0010243","response to organonitrogen compound",3,1,0.52,107,"0.4383","0.4137","0.4137"
"GO:1901698","response to nitrogen compound",3,1,0.52,108,"0.4383","0.4137","0.4137"
"GO:0010817","regulation of hormone levels",3,0,0.52,386,"1.0000","0.4137","0.4137"
"GO:0019932","second-messenger-mediated signaling",3,0,0.52,387,"1.0000","0.4252","0.4252"
"GO:0031929","TOR signaling",3,0,0.52,388,"1.0000","0.4252","0.4252"
"GO:0034645","cellular macromolecule biosynthetic proc...",38,9,6.62,44,"0.1860","0.4294","0.4294"
"GO:0006259","DNA metabolic process",8,1,1.39,316,"0.7893","0.4375","0.4375"
"GO:0006464","cellular protein modification process",43,8,7.49,137,"0.4854","0.4400","0.4400"
"GO:0036211","protein modification process",43,8,7.49,138,"0.4854","0.4400","0.4400"
"GO:0032990","cell part morphogenesis",6,2,1.04,69,"0.2805","0.4417","0.4417"
"GO:0048812","neuron projection morphogenesis",6,2,1.04,70,"0.2805","0.4417","0.4417"
"GO:0048858","cell projection morphogenesis",6,2,1.04,71,"0.2805","0.4417","0.4417"
"GO:0050808","synapse organization",6,2,1.04,72,"0.2805","0.4417","0.4417"
"GO:0120039","plasma membrane bounded cell projection ...",6,2,1.04,73,"0.2805","0.4417","0.4417"
"GO:0006469","negative regulation of protein kinase ac...",4,1,0.7,146,"0.5374","0.4514","0.4514"
"GO:0033673","negative regulation of kinase activity",4,1,0.7,147,"0.5374","0.4514","0.4514"
"GO:0051348","negative regulation of transferase activ...",4,1,0.7,148,"0.5374","0.4514","0.4514"
"GO:0006807","nitrogen compound metabolic process",107,22,18.63,42,"0.1556","0.4528","0.4528"
"GO:0006511","ubiquitin-dependent protein catabolic pr...",4,1,0.7,149,"0.5374","0.4721","0.4721"
"GO:0019941","modification-dependent protein catabolic...",4,1,0.7,150,"0.5374","0.4721","0.4721"
"GO:0030163","protein catabolic process",4,1,0.7,151,"0.5374","0.4721","0.4721"
"GO:0043632","modification-dependent macromolecule cat...",4,1,0.7,152,"0.5374","0.4721","0.4721"
"GO:0044257","cellular protein catabolic process",4,1,0.7,153,"0.5374","0.4721","0.4721"
"GO:0051603","proteolysis involved in cellular protein...",4,1,0.7,154,"0.5374","0.4721","0.4721"
"GO:0032101","regulation of response to external stimu...",3,0,0.52,389,"1.0000","0.4784","0.4784"
"GO:0032103","positive regulation of response to exter...",3,0,0.52,390,"1.0000","0.4784","0.4784"
"GO:0044057","regulation of system process",3,0,0.52,391,"1.0000","0.4784","0.4784"
"GO:0046907","intracellular transport",9,2,1.57,132,"0.4850","0.4797","0.4797"
"GO:0070887","cellular response to chemical stimulus",11,2,1.92,192,"0.6011","0.4878","0.4878"
"GO:0006886","intracellular protein transport",5,0,0.87,392,"1.0000","0.4918","0.4918"
"GO:0009059","macromolecule biosynthetic process",39,9,6.79,50,"0.2099","0.4921","0.4921"
"GO:0044271","cellular nitrogen compound biosynthetic ...",39,9,6.79,51,"0.2099","0.4921","0.4921"
"GO:0051704","multi-organism process",11,2,1.92,193,"0.6011","0.4927","0.4927"
"GO:1901362","organic cyclic compound biosynthetic pro...",36,9,6.27,38,"0.1427","0.4970","0.4970"
"GO:0006325","chromatin organization",6,1,1.04,247,"0.6872","0.5014","0.5014"
"GO:1901564","organonitrogen compound metabolic proces...",67,12,11.67,142,"0.5185","0.5036","0.5036"
"GO:0001654","eye development",4,1,0.7,155,"0.5374","0.5036","0.5036"
"GO:0048880","sensory system development",4,1,0.7,156,"0.5374","0.5036","0.5036"
"GO:0150063","visual system development",4,1,0.7,157,"0.5374","0.5036","0.5036"
"GO:0040007","growth",5,1,0.87,197,"0.6194","0.5133","0.5133"
"GO:0048589","developmental growth",5,1,0.87,198,"0.6194","0.5133","0.5133"
"GO:0009058","biosynthetic process",51,13,8.88,15,"0.0673","0.1501","0.5154"
"GO:0072521","purine-containing compound metabolic pro...",3,1,0.52,109,"0.4383","0.5304","0.5304"
"GO:0009116","nucleoside metabolic process",3,0,0.52,393,"1.0000","0.5304","0.5304"
"GO:1901657","glycosyl compound metabolic process",3,0,0.52,394,"1.0000","0.5304","0.5304"
"GO:0044281","small molecule metabolic process",17,7,2.96,2,"0.0146","0.0620","0.5384"
"GO:0010467","gene expression",42,9,7.31,74,"0.2886","0.5385","0.5385"
"GO:0090304","nucleic acid metabolic process",42,9,7.31,75,"0.2886","0.5385","0.5385"
"GO:0007275","multicellular organism development",28,4,4.88,309,"0.7611","0.5394","0.5394"
"GO:0006813","potassium ion transport",3,0,0.52,395,"1.0000","0.5397","0.5397"
"GO:1901700","response to oxygen-containing compound",7,2,1.22,81,"0.3514","0.5437","0.5437"
"GO:0090407","organophosphate biosynthetic process",4,1,0.7,158,"0.5374","0.5466","0.5466"
"GO:0030900","forebrain development",3,0,0.52,396,"1.0000","0.5491","0.5491"
"GO:0006397","mRNA processing",4,1,0.7,159,"0.5374","0.5574","0.5574"
"GO:0016071","mRNA metabolic process",4,1,0.7,160,"0.5374","0.5574","0.5574"
"GO:0006518","peptide metabolic process",6,1,1.04,248,"0.6872","0.5632","0.5632"
"GO:0015711","organic anion transport",3,1,0.52,110,"0.4383","0.5647","0.5647"
"GO:0048731","system development",26,4,4.53,274,"0.7018","0.5670","0.5670"
"GO:0001933","negative regulation of protein phosphory...",6,1,1.04,249,"0.6872","0.5677","0.5677"
"GO:0042326","negative regulation of phosphorylation",6,1,1.04,250,"0.6872","0.5677","0.5677"
"GO:0006913","nucleocytoplasmic transport",4,0,0.7,397,"1.0000","0.5683","0.5683"
"GO:0051169","nuclear transport",4,0,0.7,398,"1.0000","0.5683","0.5683"
"GO:1901701","cellular response to oxygen-containing c...",5,2,0.87,49,"0.2094","0.5714","0.5714"
"GO:0051276","chromosome organization",9,1,1.57,337,"0.8273","0.5737","0.5737"
"GO:0072657","protein localization to membrane",3,0,0.52,399,"1.0000","0.5772","0.5772"
"GO:0043170","macromolecule metabolic process",100,19,17.41,80,"0.3486","0.5784","0.5784"
"GO:0006909","phagocytosis",3,1,0.52,111,"0.4383","0.5835","0.5835"
"GO:0009612","response to mechanical stimulus",3,1,0.52,112,"0.4383","0.5835","0.5835"
"GO:0035148","tube formation",3,1,0.52,113,"0.4383","0.5835","0.5835"
"GO:0043393","regulation of protein binding",3,1,0.52,114,"0.4383","0.5835","0.5835"
"GO:0051098","regulation of binding",3,1,0.52,115,"0.4383","0.5835","0.5835"
"GO:0060249","anatomical structure homeostasis",3,1,0.52,116,"0.4383","0.5835","0.5835"
"GO:0003006","developmental process involved in reprod...",5,1,0.87,199,"0.6194","0.5836","0.5836"
"GO:0019953","sexual reproduction",5,1,0.87,200,"0.6194","0.5836","0.5836"
"GO:0044703","multi-organism reproductive process",5,1,0.87,201,"0.6194","0.5836","0.5836"
"GO:0040008","regulation of growth",3,1,0.52,117,"0.4383","0.5867","0.5867"
"GO:0048638","regulation of developmental growth",3,1,0.52,118,"0.4383","0.5867","0.5867"
"GO:0007568","aging",3,0,0.52,400,"1.0000","0.5867","0.5867"
"GO:0030029","actin filament-based process",7,2,1.22,82,"0.3514","0.5871","0.5871"
"GO:0030036","actin cytoskeleton organization",7,2,1.22,83,"0.3514","0.5871","0.5871"
"GO:0016311","dephosphorylation",7,1,1.22,290,"0.7431","0.5871","0.5871"
"GO:0018130","heterocycle biosynthetic process",34,8,5.92,53,"0.2145","0.5939","0.5939"
"GO:0019438","aromatic compound biosynthetic process",34,8,5.92,54,"0.2145","0.5939","0.5939"
"GO:0034654","nucleobase-containing compound biosynthe...",34,8,5.92,55,"0.2145","0.5939","0.5939"
"GO:0000902","cell morphogenesis",8,2,1.39,95,"0.4200","0.6047","0.6047"
"GO:0031175","neuron projection development",8,2,1.39,96,"0.4200","0.6047","0.6047"
"GO:0032989","cellular component morphogenesis",8,2,1.39,97,"0.4200","0.6047","0.6047"
"GO:0005996","monosaccharide metabolic process",3,1,0.52,119,"0.4383","0.6055","0.6055"
"GO:0035556","intracellular signal transduction",16,1,2.79,383,"0.9584","0.6061","0.6061"
"GO:0044260","cellular macromolecule metabolic process",84,18,14.62,40,"0.1478","0.6062","0.6062"
"GO:0035239","tube morphogenesis",4,1,0.7,161,"0.5374","0.6120","0.6120"
"GO:0035295","tube development",4,1,0.7,162,"0.5374","0.6120","0.6120"
"GO:0048598","embryonic morphogenesis",4,0,0.7,401,"1.0000","0.6120","0.6120"
"GO:0048519","negative regulation of biological proces...",23,5,4,85,"0.3694","0.6135","0.6135"
"GO:0032502","developmental process",31,5,5.4,244,"0.6639","0.6158","0.6158"
"GO:0007049","cell cycle",11,3,1.92,76,"0.2952","0.0582","0.6189"
"GO:0015672","monovalent inorganic cation transport",8,1,1.39,317,"0.7893","0.6203","0.6203"
"GO:0043086","negative regulation of catalytic activit...",8,1,1.39,318,"0.7893","0.6203","0.6203"
"GO:0044092","negative regulation of molecular functio...",8,1,1.39,319,"0.7893","0.6203","0.6203"
"GO:0001932","regulation of protein phosphorylation",9,2,1.57,133,"0.4850","0.6234","0.6234"
"GO:0031400","negative regulation of protein modificat...",9,1,1.57,338,"0.8273","0.6234","0.6234"
"GO:0032269","negative regulation of cellular protein ...",9,1,1.57,339,"0.8273","0.6234","0.6234"
"GO:0051248","negative regulation of protein metabolic...",9,1,1.57,340,"0.8273","0.6234","0.6234"
"GO:0022008","neurogenesis",14,3,2.44,126,"0.4532","0.6271","0.6271"
"GO:0048699","generation of neurons",14,3,2.44,127,"0.4532","0.6271","0.6271"
"GO:0044267","cellular protein metabolic process",51,10,8.88,87,"0.3883","0.6349","0.6349"
"GO:0007423","sensory organ development",7,1,1.22,291,"0.7431","0.6453","0.6453"
"GO:0019725","cellular homeostasis",9,1,1.57,341,"0.8273","0.6455","0.6455"
"GO:0032501","multicellular organismal process",29,4,5.05,312,"0.7873","0.6461","0.6461"
"GO:0048856","anatomical structure development",29,4,5.05,313,"0.7873","0.6461","0.6461"
"GO:0022613","ribonucleoprotein complex biogenesis",3,0,0.52,402,"1.0000","0.6464","0.6464"
"GO:0031399","regulation of protein modification proce...",12,2,2.09,238,"0.6516","0.6474","0.6474"
"GO:0051173","positive regulation of nitrogen compound...",12,1,2.09,369,"0.9056","0.6474","0.6474"
"GO:0009636","response to toxic substance",4,1,0.7,163,"0.5374","0.6556","0.6556"
"GO:0010605","negative regulation of macromolecule met...",15,3,2.61,140,"0.5033","0.6571","0.6571"
"GO:0044087","regulation of cellular component biogene...",8,2,1.39,98,"0.4200","0.6669","0.6669"
"GO:0000278","mitotic cell cycle",8,2,1.39,99,"0.4200","0.0170","0.6674"
"GO:0043410","positive regulation of MAPK cascade",3,1,0.52,120,"0.4383","0.6683","0.6683"
"GO:0051093","negative regulation of developmental pro...",3,1,0.52,121,"0.4383","0.6683","0.6683"
"GO:0016070","RNA metabolic process",35,8,6.09,58,"0.2415","0.6687","0.6687"
"GO:0030030","cell projection organization",9,2,1.57,134,"0.4850","0.6693","0.6693"
"GO:0048666","neuron development",9,2,1.57,135,"0.4850","0.6693","0.6693"
"GO:0120036","plasma membrane bounded cell projection ...",9,2,1.57,136,"0.4850","0.6693","0.6693"
"GO:0051186","cofactor metabolic process",3,1,0.52,122,"0.4383","0.6869","0.6869"
"GO:0007417","central nervous system development",10,1,1.74,351,"0.8587","0.6869","0.6869"
"GO:0000165","MAPK cascade",4,1,0.7,164,"0.5374","0.6880","0.6880"
"GO:0007276","gamete generation",4,1,0.7,165,"0.5374","0.6880","0.6880"
"GO:0007281","germ cell development",4,1,0.7,166,"0.5374","0.6880","0.6880"
"GO:0007283","spermatogenesis",4,1,0.7,167,"0.5374","0.6880","0.6880"
"GO:0009611","response to wounding",4,1,0.7,168,"0.5374","0.6880","0.6880"
"GO:0022412","cellular process involved in reproductio...",4,1,0.7,169,"0.5374","0.6880","0.6880"
"GO:0023014","signal transduction by protein phosphory...",4,1,0.7,170,"0.5374","0.6880","0.6880"
"GO:0043408","regulation of MAPK cascade",4,1,0.7,171,"0.5374","0.6880","0.6880"
"GO:0048232","male gamete generation",4,1,0.7,172,"0.5374","0.6880","0.6880"
"GO:0007409","axonogenesis",4,1,0.7,173,"0.5374","0.6880","0.6880"
"GO:0098609","cell-cell adhesion",4,1,0.7,174,"0.5374","0.6880","0.6880"
"GO:0099173","postsynapse organization",4,1,0.7,175,"0.5374","0.6880","0.6880"
"GO:0034314","Arp2/3 complex-mediated actin nucleation",3,1,0.52,123,"0.4383","0.7023","0.7023"
"GO:0045010","actin nucleation",3,1,0.52,124,"0.4383","0.7023","0.7023"
"GO:0016569","covalent chromatin modification",3,0,0.52,403,"1.0000","0.7114","0.7114"
"GO:0016570","histone modification",3,0,0.52,404,"1.0000","0.7114","0.7114"
"GO:0010563","negative regulation of phosphorus metabo...",7,1,1.22,292,"0.7431","0.7168","0.7168"
"GO:0045936","negative regulation of phosphate metabol...",7,1,1.22,293,"0.7431","0.7168","0.7168"
"GO:0006814","sodium ion transport",3,1,0.52,125,"0.4383","0.7206","0.7206"
"GO:0019220","regulation of phosphate metabolic proces...",10,2,1.74,185,"0.5455","0.7244","0.7244"
"GO:0042325","regulation of phosphorylation",10,2,1.74,186,"0.5455","0.7244","0.7244"
"GO:0051174","regulation of phosphorus metabolic proce...",10,2,1.74,187,"0.5455","0.7244","0.7244"
"GO:0023052","signaling",38,6,6.62,266,"0.6905","0.7292","0.7292"
"GO:0009890","negative regulation of biosynthetic proc...",7,1,1.22,294,"0.7431","0.7308","0.7308"
"GO:0010558","negative regulation of macromolecule bio...",7,1,1.22,295,"0.7431","0.7308","0.7308"
"GO:0010629","negative regulation of gene expression",7,1,1.22,296,"0.7431","0.7308","0.7308"
"GO:0031327","negative regulation of cellular biosynth...",7,1,1.22,297,"0.7431","0.7308","0.7308"
"GO:0045934","negative regulation of nucleobase-contai...",7,1,1.22,298,"0.7431","0.7308","0.7308"
"GO:2000113","negative regulation of cellular macromol...",7,1,1.22,299,"0.7431","0.7308","0.7308"
"GO:0010038","response to metal ion",5,0,0.87,405,"1.0000","0.7311","0.7311"
"GO:0030154","cell differentiation",20,4,3.48,130,"0.4728","0.7339","0.7339"
"GO:0048869","cellular developmental process",20,4,3.48,131,"0.4728","0.7339","0.7339"
"GO:0006820","anion transport",5,1,0.87,202,"0.6194","0.7357","0.7357"
"GO:0022898","regulation of transmembrane transporter ...",3,0,0.52,406,"1.0000","0.7386","0.7386"
"GO:0032409","regulation of transporter activity",3,0,0.52,407,"1.0000","0.7386","0.7386"
"GO:0032412","regulation of ion transmembrane transpor...",3,0,0.52,408,"1.0000","0.7386","0.7386"
"GO:2001257","regulation of cation channel activity",3,0,0.52,409,"1.0000","0.7386","0.7386"
"GO:0010638","positive regulation of organelle organiz...",7,1,1.22,300,"0.7431","0.7446","0.7446"
"GO:0051716","cellular response to stimulus",48,9,8.36,129,"0.4648","0.7448","0.7448"
"GO:0006955","immune response",6,1,1.04,251,"0.6872","0.7485","0.7485"
"GO:0033036","macromolecule localization",17,4,2.96,78,"0.3400","0.7560","0.7560"
"GO:0000904","cell morphogenesis involved in different...",5,1,0.87,203,"0.6194","0.7588","0.7588"
"GO:0001775","cell activation",5,1,0.87,204,"0.6194","0.7588","0.7588"
"GO:0009628","response to abiotic stimulus",5,1,0.87,205,"0.6194","0.7588","0.7588"
"GO:0032504","multicellular organism reproduction",5,1,0.87,206,"0.6194","0.7588","0.7588"
"GO:0048609","multicellular organismal reproductive pr...",5,1,0.87,207,"0.6194","0.7588","0.7588"
"GO:0048667","cell morphogenesis involved in neuron di...",5,1,0.87,208,"0.6194","0.7588","0.7588"
"GO:0061564","axon development",5,1,0.87,209,"0.6194","0.7588","0.7588"
"GO:0010604","positive regulation of macromolecule met...",11,1,1.92,360,"0.8844","0.7590","0.7590"
"GO:0009892","negative regulation of metabolic process",16,3,2.79,191,"0.5512","0.7598","0.7598"
"GO:0009893","positive regulation of metabolic process",13,1,2.26,375,"0.9230","0.7634","0.7634"
"GO:0032268","regulation of cellular protein metabolic...",13,2,2.26,271,"0.6972","0.7634","0.7634"
"GO:0043549","regulation of kinase activity",6,1,1.04,252,"0.6872","0.7693","0.7693"
"GO:0045859","regulation of protein kinase activity",6,1,1.04,253,"0.6872","0.7693","0.7693"
"GO:1901565","organonitrogen compound catabolic proces...",6,1,1.04,254,"0.6872","0.7775","0.7775"
"GO:0007018","microtubule-based movement",4,1,0.7,176,"0.5374","0.7812","0.7812"
"GO:0050803","regulation of synapse structure or activ...",4,1,0.7,177,"0.5374","0.7812","0.7812"
"GO:0050807","regulation of synapse organization",4,1,0.7,178,"0.5374","0.7812","0.7812"
"GO:0031401","positive regulation of protein modificat...",8,1,1.39,320,"0.7893","0.7858","0.7858"
"GO:0032270","positive regulation of cellular protein ...",8,1,1.39,321,"0.7893","0.7858","0.7858"
"GO:0051247","positive regulation of protein metabolic...",8,1,1.39,322,"0.7893","0.7858","0.7858"
"GO:0034613","cellular protein localization",9,1,1.57,342,"0.8273","0.7900","0.7900"
"GO:0070727","cellular macromolecule localization",9,1,1.57,343,"0.8273","0.7900","0.7900"
"GO:0019538","protein metabolic process",59,11,10.27,128,"0.4556","0.7907","0.7907"
"GO:0048584","positive regulation of response to stimu...",12,2,2.09,239,"0.6516","0.7945","0.7945"
"GO:0007165","signal transduction",37,6,6.44,241,"0.6617","0.7947","0.7947"
"GO:0006412","translation",5,1,0.87,210,"0.6194","0.7966","0.7966"
"GO:0043043","peptide biosynthetic process",5,1,0.87,211,"0.6194","0.7966","0.7966"
"GO:0043604","amide biosynthetic process",5,1,0.87,212,"0.6194","0.7966","0.7966"
"GO:0007154","cell communication",38,6,6.62,267,"0.6905","0.7968","0.7968"
"GO:1902533","positive regulation of intracellular sig...",7,1,1.22,301,"0.7431","0.7979","0.7979"
"GO:0060255","regulation of macromolecule metabolic pr...",38,7,6.62,141,"0.5079","0.8002","0.8002"
"GO:0071840","cellular component organization or bioge...",35,4,6.09,368,"0.9010","0.8005","0.8005"
"GO:0051129","negative regulation of cellular componen...",5,1,0.87,213,"0.6194","0.8052","0.8052"
"GO:0009891","positive regulation of biosynthetic proc...",5,0,0.87,410,"1.0000","0.8052","0.8052"
"GO:0019637","organophosphate metabolic process",14,2,2.44,283,"0.7378","0.8066","0.8066"
"GO:0065008","regulation of biological quality",26,5,4.53,139,"0.4870","0.8086","0.8086"
"GO:0000003","reproduction",6,1,1.04,255,"0.6872","0.8094","0.8094"
"GO:0022414","reproductive process",6,1,1.04,256,"0.6872","0.8094","0.8094"
"GO:0048518","positive regulation of biological proces...",26,3,4.53,358,"0.8710","0.8106","0.8106"
"GO:0043603","cellular amide metabolic process",7,1,1.22,302,"0.7431","0.8106","0.8106"
"GO:0030838","positive regulation of actin filament po...",4,1,0.7,179,"0.5374","0.8197","0.8197"
"GO:0031334","positive regulation of protein complex a...",4,1,0.7,180,"0.5374","0.8197","0.8197"
"GO:0032273","positive regulation of protein polymeriz...",4,1,0.7,181,"0.5374","0.8197","0.8197"
"GO:0051495","positive regulation of cytoskeleton orga...",4,1,0.7,182,"0.5374","0.8197","0.8197"
"GO:1902905","positive regulation of supramolecular fi...",4,1,0.7,183,"0.5374","0.8197","0.8197"
"GO:0003002","regionalization",3,0,0.52,411,"1.0000","0.8237","0.8237"
"GO:0007389","pattern specification process",3,0,0.52,412,"1.0000","0.8237","0.8237"
"GO:0007507","heart development",3,0,0.52,413,"1.0000","0.8237","0.8237"
"GO:0007600","sensory perception",3,0,0.52,414,"1.0000","0.8237","0.8237"
"GO:0006351","transcription, DNA-templated",29,6,5.05,88,"0.3911","0.8241","0.8241"
"GO:0032774","RNA biosynthetic process",29,6,5.05,89,"0.3911","0.8241","0.8241"
"GO:0097659","nucleic acid-templated transcription",29,6,5.05,90,"0.3911","0.8241","0.8241"
"GO:0008104","protein localization",14,2,2.44,284,"0.7378","0.8246","0.8246"
"GO:0061024","membrane organization",6,1,1.04,257,"0.6872","0.8285","0.8285"
"GO:0010033","response to organic substance",11,2,1.92,194,"0.6011","0.8344","0.8344"
"GO:0002376","immune system process",9,1,1.57,344,"0.8273","0.8360","0.8360"
"GO:0032879","regulation of localization",11,1,1.92,361,"0.8844","0.8371","0.8371"
"GO:0019222","regulation of metabolic process",39,7,6.79,184,"0.5403","0.8379","0.8379"
"GO:0014070","response to organic cyclic compound",4,0,0.7,415,"1.0000","0.8380","0.8380"
"GO:0006950","response to stress",16,2,2.79,329,"0.8057","0.8388","0.8388"
"GO:0016043","cellular component organization",34,4,5.92,365,"0.8867","0.8393","0.8393"
"GO:0050896","response to stimulus",58,9,10.1,282,"0.7354","0.8411","0.8411"
"GO:0031324","negative regulation of cellular metaboli...",14,2,2.44,285,"0.7378","0.8420","0.8420"
"GO:0051172","negative regulation of nitrogen compound...",14,2,2.44,286,"0.7378","0.8420","0.8420"
"GO:0030182","neuron differentiation",13,2,2.26,272,"0.6972","0.8456","0.8456"
"GO:0007155","cell adhesion",7,1,1.22,303,"0.7431","0.8471","0.8471"
"GO:0007610","behavior",7,1,1.22,304,"0.7431","0.8471","0.8471"
"GO:0022610","biological adhesion",7,1,1.22,305,"0.7431","0.8471","0.8471"
"GO:0051338","regulation of transferase activity",7,1,1.22,306,"0.7431","0.8471","0.8471"
"GO:0007399","nervous system development",20,3,3.48,275,"0.7145","0.8505","0.8505"
"GO:0001934","positive regulation of protein phosphory...",5,1,0.87,214,"0.6194","0.8542","0.8542"
"GO:0046578","regulation of Ras protein signal transdu...",5,1,0.87,215,"0.6194","0.8542","0.8542"
"GO:0051056","regulation of small GTPase mediated sign...",5,1,0.87,216,"0.6194","0.8542","0.8542"
"GO:0051246","regulation of protein metabolic process",14,2,2.44,287,"0.7378","0.8587","0.8587"
"GO:0051649","establishment of localization in cell",12,2,2.09,240,"0.6516","0.8591","0.8591"
"GO:0006952","defense response",4,0,0.7,416,"1.0000","0.8641","0.8641"
"GO:0009607","response to biotic stimulus",4,0,0.7,417,"1.0000","0.8641","0.8641"
"GO:0033993","response to lipid",4,0,0.7,418,"1.0000","0.8641","0.8641"
"GO:0043207","response to external biotic stimulus",4,0,0.7,419,"1.0000","0.8641","0.8641"
"GO:0051707","response to other organism",4,0,0.7,420,"1.0000","0.8641","0.8641"
"GO:0098542","defense response to other organism",4,0,0.7,421,"1.0000","0.8641","0.8641"
"GO:0006812","cation transport",15,1,2.61,380,"0.9489","0.8646","0.8646"
"GO:0006366","transcription by RNA polymerase II",10,1,1.74,352,"0.8587","0.8683","0.8683"
"GO:0007166","cell surface receptor signaling pathway",11,1,1.92,362,"0.8844","0.8702","0.8702"
"GO:0050794","regulation of cellular process",74,12,12.88,269,"0.6941","0.8724","0.8724"
"GO:0048878","chemical homeostasis",5,1,0.87,217,"0.6194","0.8731","0.8731"
"GO:0055082","cellular chemical homeostasis",5,1,0.87,218,"0.6194","0.8731","0.8731"
"GO:0033043","regulation of organelle organization",8,1,1.39,323,"0.7893","0.8761","0.8761"
"GO:0010628","positive regulation of gene expression",3,0,0.52,422,"1.0000","0.8787","0.8787"
"GO:0031396","regulation of protein ubiquitination",3,0,0.52,423,"1.0000","0.8787","0.8787"
"GO:0045893","positive regulation of transcription, DN...",3,0,0.52,424,"1.0000","0.8787","0.8787"
"GO:0045944","positive regulation of transcription by ...",3,0,0.52,425,"1.0000","0.8787","0.8787"
"GO:0051254","positive regulation of RNA metabolic pro...",3,0,0.52,426,"1.0000","0.8787","0.8787"
"GO:0071900","regulation of protein serine/threonine k...",3,0,0.52,427,"1.0000","0.8787","0.8787"
"GO:1902680","positive regulation of RNA biosynthetic ...",3,0,0.52,428,"1.0000","0.8787","0.8787"
"GO:1903320","regulation of protein modification by sm...",3,0,0.52,429,"1.0000","0.8787","0.8787"
"GO:1903508","positive regulation of nucleic acid-temp...",3,0,0.52,430,"1.0000","0.8787","0.8787"
"GO:0009967","positive regulation of signal transducti...",10,2,1.74,188,"0.5455","0.8788","0.8788"
"GO:0010647","positive regulation of cell communicatio...",10,2,1.74,189,"0.5455","0.8788","0.8788"
"GO:0023056","positive regulation of signaling",10,2,1.74,190,"0.5455","0.8788","0.8788"
"GO:0055114","oxidation-reduction process",13,2,2.26,273,"0.6972","0.8802","0.8802"
"GO:0032880","regulation of protein localization",4,0,0.7,431,"1.0000","0.8805","0.8805"
"GO:0032940","secretion by cell",4,0,0.7,432,"1.0000","0.8805","0.8805"
"GO:0051346","negative regulation of hydrolase activit...",4,0,0.7,433,"1.0000","0.8805","0.8805"
"GO:0006357","regulation of transcription by RNA polym...",8,0,1.39,434,"1.0000","0.8875","0.8875"
"GO:0048646","anatomical structure formation involved ...",10,1,1.74,353,"0.8587","0.8889","0.8889"
"GO:0030001","metal ion transport",14,1,2.44,377,"0.9372","0.8899","0.8899"
"GO:0007015","actin filament organization",5,1,0.87,219,"0.6194","0.8909","0.8909"
"GO:0008064","regulation of actin polymerization or de...",5,1,0.87,220,"0.6194","0.8909","0.8909"
"GO:0008154","actin polymerization or depolymerization",5,1,0.87,221,"0.6194","0.8909","0.8909"
"GO:0030041","actin filament polymerization",5,1,0.87,222,"0.6194","0.8909","0.8909"
"GO:0030832","regulation of actin filament length",5,1,0.87,223,"0.6194","0.8909","0.8909"
"GO:0030833","regulation of actin filament polymerizat...",5,1,0.87,224,"0.6194","0.8909","0.8909"
"GO:0032271","regulation of protein polymerization",5,1,0.87,225,"0.6194","0.8909","0.8909"
"GO:0032535","regulation of cellular component size",5,1,0.87,226,"0.6194","0.8909","0.8909"
"GO:0032956","regulation of actin cytoskeleton organiz...",5,1,0.87,227,"0.6194","0.8909","0.8909"
"GO:0032970","regulation of actin filament-based proce...",5,1,0.87,228,"0.6194","0.8909","0.8909"
"GO:0043254","regulation of protein complex assembly",5,1,0.87,229,"0.6194","0.8909","0.8909"
"GO:0044089","positive regulation of cellular componen...",5,1,0.87,230,"0.6194","0.8909","0.8909"
"GO:0051493","regulation of cytoskeleton organization",5,1,0.87,231,"0.6194","0.8909","0.8909"
"GO:0090066","regulation of anatomical structure size",5,1,0.87,232,"0.6194","0.8909","0.8909"
"GO:0110053","regulation of actin filament organizatio...",5,1,0.87,233,"0.6194","0.8909","0.8909"
"GO:1902903","regulation of supramolecular fiber organ...",5,1,0.87,234,"0.6194","0.8909","0.8909"
"GO:0009887","animal organ morphogenesis",7,0,1.22,435,"1.0000","0.8912","0.8912"
"GO:0070647","protein modification by small protein co...",7,0,1.22,436,"1.0000","0.8912","0.8912"
"GO:0048468","cell development",15,2,2.61,310,"0.7739","0.8993","0.8993"
"GO:0048523","negative regulation of cellular process",19,3,3.31,246,"0.6782","0.9030","0.9030"
"GO:0007264","small GTPase mediated signal transductio...",6,1,1.04,258,"0.6872","0.9034","0.9034"
"GO:0007265","Ras protein signal transduction",6,1,1.04,259,"0.6872","0.9034","0.9034"
"GO:0010562","positive regulation of phosphorus metabo...",6,1,1.04,260,"0.6872","0.9034","0.9034"
"GO:0042327","positive regulation of phosphorylation",6,1,1.04,261,"0.6872","0.9034","0.9034"
"GO:0045937","positive regulation of phosphate metabol...",6,1,1.04,262,"0.6872","0.9034","0.9034"
"GO:0051241","negative regulation of multicellular org...",6,1,1.04,263,"0.6872","0.9034","0.9034"
"GO:0050789","regulation of biological process",80,13,13.93,270,"0.6971","0.9084","0.9084"
"GO:0051049","regulation of transport",7,0,1.22,437,"1.0000","0.9109","0.9109"
"GO:0051668","localization within membrane",3,0,0.52,438,"1.0000","0.9114","0.9114"
"GO:0008284","positive regulation of cell proliferatio...",3,0,0.52,439,"1.0000","0.9134","0.9134"
"GO:0010941","regulation of cell death",3,0,0.52,440,"1.0000","0.9134","0.9134"
"GO:0016049","cell growth",3,0,0.52,441,"1.0000","0.9134","0.9134"
"GO:0042127","regulation of cell proliferation",3,0,0.52,442,"1.0000","0.9134","0.9134"
"GO:0042981","regulation of apoptotic process",3,0,0.52,443,"1.0000","0.9134","0.9134"
"GO:0043066","negative regulation of apoptotic process",3,0,0.52,444,"1.0000","0.9134","0.9134"
"GO:0043067","regulation of programmed cell death",3,0,0.52,445,"1.0000","0.9134","0.9134"
"GO:0043069","negative regulation of programmed cell d...",3,0,0.52,446,"1.0000","0.9134","0.9134"
"GO:0060548","negative regulation of cell death",3,0,0.52,447,"1.0000","0.9134","0.9134"
"GO:0060560","developmental growth involved in morphog...",3,0,0.52,448,"1.0000","0.9134","0.9134"
"GO:0060562","epithelial tube morphogenesis",3,0,0.52,449,"1.0000","0.9134","0.9134"
"GO:2000241","regulation of reproductive process",3,0,0.52,450,"1.0000","0.9134","0.9134"
"GO:0009605","response to external stimulus",10,1,1.74,354,"0.8587","0.9171","0.9171"
"GO:0071705","nitrogen compound transport",10,0,1.74,451,"1.0000","0.9193","0.9193"
"GO:0009653","anatomical structure morphogenesis",16,2,2.79,330,"0.8057","0.9203","0.9203"
"GO:0006629","lipid metabolic process",16,2,2.79,331,"0.8057","0.9203","0.9203"
"GO:0006810","transport",52,7,9.05,349,"0.8577","0.9205","0.9205"
"GO:0051234","establishment of localization",52,7,9.05,350,"0.8577","0.9205","0.9205"
"GO:0051171","regulation of nitrogen compound metaboli...",37,6,6.44,242,"0.6617","0.9295","0.9295"
"GO:0051128","regulation of cellular component organiz...",14,2,2.44,288,"0.7378","0.9305","0.9305"
"GO:0044255","cellular lipid metabolic process",14,1,2.44,378,"0.9372","0.9305","0.9305"
"GO:0006650","glycerophospholipid metabolic process",4,0,0.7,452,"1.0000","0.9309","0.9309"
"GO:0046486","glycerolipid metabolic process",4,0,0.7,453,"1.0000","0.9309","0.9309"
"GO:0046488","phosphatidylinositol metabolic process",4,0,0.7,454,"1.0000","0.9309","0.9309"
"GO:0045892","negative regulation of transcription, DN...",6,0,1.04,455,"1.0000","0.9314","0.9314"
"GO:0051253","negative regulation of RNA metabolic pro...",6,0,1.04,456,"1.0000","0.9314","0.9314"
"GO:1902679","negative regulation of RNA biosynthetic ...",6,0,1.04,457,"1.0000","0.9314","0.9314"
"GO:1903507","negative regulation of nucleic acid-temp...",6,0,1.04,458,"1.0000","0.9314","0.9314"
"GO:0008654","phospholipid biosynthetic process",3,0,0.52,459,"1.0000","0.9344","0.9344"
"GO:0051258","protein polymerization",6,1,1.04,264,"0.6872","0.9365","0.9365"
"GO:0033554","cellular response to stress",8,1,1.39,324,"0.7893","0.9372","0.9372"
"GO:0051960","regulation of nervous system development",8,1,1.39,325,"0.7893","0.9372","0.9372"
"GO:0071310","cellular response to organic substance",8,1,1.39,326,"0.7893","0.9372","0.9372"
"GO:0071702","organic substance transport",14,2,2.44,289,"0.7378","0.9422","0.9422"
"GO:0031325","positive regulation of cellular metaboli...",12,1,2.09,370,"0.9056","0.9441","0.9441"
"GO:0009719","response to endogenous stimulus",7,1,1.22,307,"0.7431","0.9451","0.9451"
"GO:0048522","positive regulation of cellular process",23,3,4,327,"0.8051","0.9457","0.9457"
"GO:0042592","homeostatic process",16,2,2.79,332,"0.8057","0.9459","0.9459"
"GO:0050793","regulation of developmental process",12,1,2.09,371,"0.9056","0.9475","0.9475"
"GO:2000026","regulation of multicellular organismal d...",12,1,2.09,372,"0.9056","0.9475","0.9475"
"GO:0065007","biological regulation",82,14,14.28,195,"0.6078","0.9495","0.9495"
"GO:0022607","cellular component assembly",15,2,2.61,311,"0.7739","0.9509","0.9509"
"GO:0080090","regulation of primary metabolic process",38,6,6.62,268,"0.6905","0.9526","0.9526"
"GO:0045595","regulation of cell differentiation",8,0,1.39,460,"1.0000","0.9535","0.9535"
"GO:0050790","regulation of catalytic activity",13,1,2.26,376,"0.9230","0.9542","0.9542"
"GO:0006720","isoprenoid metabolic process",3,0,0.52,461,"1.0000","0.9557","0.9557"
"GO:0034220","ion transmembrane transport",11,1,1.92,363,"0.8844","0.9581","0.9581"
"GO:0006644","phospholipid metabolic process",8,0,1.39,462,"1.0000","0.9608","0.9608"
"GO:0042221","response to chemical",19,2,3.31,359,"0.8791","0.9626","0.9626"
"GO:0016042","lipid catabolic process",3,0,0.52,463,"1.0000","0.9629","0.9629"
"GO:0097435","supramolecular fiber organization",7,1,1.22,308,"0.7431","0.9658","0.9658"
"GO:0044085","cellular component biogenesis",16,2,2.79,333,"0.8057","0.9669","0.9669"
"GO:0010557","positive regulation of macromolecule bio...",4,0,0.7,464,"1.0000","0.9687","0.9687"
"GO:0031328","positive regulation of cellular biosynth...",4,0,0.7,465,"1.0000","0.9687","0.9687"
"GO:0045935","positive regulation of nucleobase-contai...",4,0,0.7,466,"1.0000","0.9687","0.9687"
"GO:0015031","protein transport",9,0,1.57,467,"1.0000","0.9687","0.9687"
"GO:0015833","peptide transport",9,0,1.57,468,"1.0000","0.9687","0.9687"
"GO:0042886","amide transport",9,0,1.57,469,"1.0000","0.9687","0.9687"
"GO:0045184","establishment of protein localization",9,0,1.57,470,"1.0000","0.9687","0.9687"
"GO:0060429","epithelium development",5,0,0.87,471,"1.0000","0.9691","0.9691"
"GO:0065009","regulation of molecular function",15,1,2.61,381,"0.9489","0.9697","0.9697"
"GO:0051239","regulation of multicellular organismal p...",15,1,2.61,382,"0.9489","0.9725","0.9725"
"GO:0030258","lipid modification",3,0,0.52,472,"1.0000","0.9731","0.9731"
"GO:0006811","ion transport",23,3,4,328,"0.8051","0.9777","0.9777"
"GO:0006974","cellular response to DNA damage stimulus",6,1,1.04,265,"0.6872","0.9788","0.9788"
"GO:0006643","membrane lipid metabolic process",4,0,0.7,473,"1.0000","0.9805","0.9805"
"GO:0051179","localization",55,7,9.58,367,"0.8990","0.9805","0.9805"
"GO:0009790","embryo development",7,0,1.22,474,"1.0000","0.9817","0.9817"
"GO:0045664","regulation of neuron differentiation",7,0,1.22,475,"1.0000","0.9817","0.9817"
"GO:0050767","regulation of neurogenesis",7,0,1.22,476,"1.0000","0.9817","0.9817"
"GO:0060284","regulation of cell development",7,0,1.22,477,"1.0000","0.9817","0.9817"
"GO:0002262","myeloid cell homeostasis",3,0,0.52,478,"1.0000","0.9827","0.9827"
"GO:0030099","myeloid cell differentiation",3,0,0.52,479,"1.0000","0.9827","0.9827"
"GO:0030218","erythrocyte differentiation",3,0,0.52,480,"1.0000","0.9827","0.9827"
"GO:0034101","erythrocyte homeostasis",3,0,0.52,481,"1.0000","0.9827","0.9827"
"GO:0022603","regulation of anatomical structure morph...",4,0,0.7,482,"1.0000","0.9839","0.9839"
"GO:0046677","response to antibiotic",3,0,0.52,483,"1.0000","0.9863","0.9863"
"GO:0006928","movement of cell or subcellular componen...",10,1,1.74,355,"0.8587","0.9879","0.9879"
"GO:0071495","cellular response to endogenous stimulus",5,1,0.87,235,"0.6194","0.9883","0.9883"
"GO:0009968","negative regulation of signal transducti...",5,0,0.87,484,"1.0000","0.9883","0.9883"
"GO:0010648","negative regulation of cell communicatio...",5,0,0.87,485,"1.0000","0.9883","0.9883"
"GO:0023057","negative regulation of signaling",5,0,0.87,486,"1.0000","0.9883","0.9883"
"GO:0060341","regulation of cellular localization",5,0,0.87,487,"1.0000","0.9883","0.9883"
"GO:0010720","positive regulation of cell development",3,0,0.52,488,"1.0000","0.9895","0.9895"
"GO:0031346","positive regulation of cell projection o...",3,0,0.52,489,"1.0000","0.9895","0.9895"
"GO:0032943","mononuclear cell proliferation",3,0,0.52,490,"1.0000","0.9895","0.9895"
"GO:0042098","T cell proliferation",3,0,0.52,491,"1.0000","0.9895","0.9895"
"GO:0045666","positive regulation of neuron differenti...",3,0,0.52,492,"1.0000","0.9895","0.9895"
"GO:0046651","lymphocyte proliferation",3,0,0.52,493,"1.0000","0.9895","0.9895"
"GO:0050769","positive regulation of neurogenesis",3,0,0.52,494,"1.0000","0.9895","0.9895"
"GO:0051962","positive regulation of nervous system de...",3,0,0.52,495,"1.0000","0.9895","0.9895"
"GO:0070661","leukocyte proliferation",3,0,0.52,496,"1.0000","0.9895","0.9895"
"GO:0072507","divalent inorganic cation homeostasis",3,0,0.52,497,"1.0000","0.9895","0.9895"
"GO:0006915","apoptotic process",4,0,0.7,498,"1.0000","0.9921","0.9921"
"GO:0008219","cell death",4,0,0.7,499,"1.0000","0.9921","0.9921"
"GO:0012501","programmed cell death",4,0,0.7,500,"1.0000","0.9921","0.9921"
"GO:1902531","regulation of intracellular signal trans...",11,1,1.92,364,"0.8844","0.9948","0.9948"
"GO:0030100","regulation of endocytosis",3,0,0.52,501,"1.0000","0.9952","0.9952"
"GO:0060627","regulation of vesicle-mediated transport",3,0,0.52,502,"1.0000","0.9952","0.9952"
"GO:0046903","secretion",5,0,0.87,503,"1.0000","0.9953","0.9953"
"GO:0055085","transmembrane transport",24,2,4.18,379,"0.9481","0.9957","0.9957"
"GO:0051130","positive regulation of cellular componen...",10,1,1.74,356,"0.8587","0.9957","0.9957"
"GO:0031323","regulation of cellular metabolic process",37,6,6.44,243,"0.6617","0.9962","0.9962"
"GO:0009792","embryo development ending in birth or eg...",6,0,1.04,504,"1.0000","0.9983","0.9983"
"GO:0043009","chordate embryonic development",6,0,1.04,505,"1.0000","0.9983","0.9983"
"GO:0016567","protein ubiquitination",5,0,0.87,506,"1.0000","0.9984","0.9984"
"GO:0032446","protein modification by small protein co...",5,0,0.87,507,"1.0000","0.9984","0.9984"
"GO:0010959","regulation of metal ion transport",3,0,0.52,508,"1.0000","0.9987","0.9987"
"GO:0043900","regulation of multi-organism process",3,0,0.52,509,"1.0000","0.9987","0.9987"
"GO:0098655","cation transmembrane transport",8,0,1.39,510,"1.0000","0.9987","0.9987"
"GO:0009889","regulation of biosynthetic process",27,4,4.7,276,"0.7326","0.9988","0.9988"
"GO:0010468","regulation of gene expression",27,4,4.7,277,"0.7326","0.9988","0.9988"
"GO:0010556","regulation of macromolecule biosynthetic...",27,4,4.7,278,"0.7326","0.9988","0.9988"
"GO:0019219","regulation of nucleobase-containing comp...",27,4,4.7,279,"0.7326","0.9988","0.9988"
"GO:0031326","regulation of cellular biosynthetic proc...",27,4,4.7,280,"0.7326","0.9988","0.9988"
"GO:2000112","regulation of cellular macromolecule bio...",27,4,4.7,281,"0.7326","0.9988","0.9988"
"GO:0051252","regulation of RNA metabolic process",25,3,4.35,348,"0.8515","0.9989","0.9989"
"GO:0006355","regulation of transcription, DNA-templat...",24,3,4.18,345,"0.8296","0.9989","0.9989"
"GO:1903506","regulation of nucleic acid-templated tra...",24,3,4.18,346,"0.8296","0.9989","0.9989"
"GO:2001141","regulation of RNA biosynthetic process",24,3,4.18,347,"0.8296","0.9989","0.9989"
"GO:0048583","regulation of response to stimulus",20,2,3.48,366,"0.8974","0.9991","0.9991"
"GO:0034622","cellular protein-containing complex asse...",10,1,1.74,357,"0.8587","0.9992","0.9992"
"GO:0009966","regulation of signal transduction",16,2,2.79,334,"0.8057","0.9993","0.9993"
"GO:0010646","regulation of cell communication",16,2,2.79,335,"0.8057","0.9993","0.9993"
"GO:0023051","regulation of signaling",16,2,2.79,336,"0.8057","0.9993","0.9993"
"GO:0061061","muscle structure development",4,0,0.7,511,"1.0000","0.9994","0.9994"
"GO:0043933","protein-containing complex subunit organ...",12,1,2.09,373,"0.9056","0.9995","0.9995"
"GO:0065003","protein-containing complex assembly",12,1,2.09,374,"0.9056","0.9995","0.9995"
"GO:0031503","protein-containing complex localization",3,0,0.52,512,"1.0000","0.9995","0.9995"
"GO:0048585","negative regulation of response to stimu...",6,0,1.04,513,"1.0000","0.9996","0.9996"
"GO:0051240","positive regulation of multicellular org...",10,0,1.74,514,"1.0000","0.9996","0.9996"
"GO:0009888","tissue development",9,0,1.57,515,"1.0000","0.9996","0.9996"
"GO:0003008","system process",8,0,1.39,516,"1.0000","0.9997","0.9997"
"GO:0051094","positive regulation of developmental pro...",8,0,1.39,517,"1.0000","0.9997","0.9997"
"GO:0008283","cell proliferation",7,0,1.22,518,"1.0000","0.9997","0.9997"
"GO:0010035","response to inorganic substance",7,0,1.22,519,"1.0000","0.9997","0.9997"
"GO:0044093","positive regulation of molecular functio...",7,0,1.22,520,"1.0000","0.9997","0.9997"
"GO:0050877","nervous system process",7,0,1.22,521,"1.0000","0.9997","0.9997"
"GO:0002682","regulation of immune system process",6,0,1.04,522,"1.0000","0.9998","0.9998"
"GO:0006979","response to oxidative stress",6,0,1.04,523,"1.0000","0.9998","0.9998"
"GO:0016477","cell migration",6,0,1.04,524,"1.0000","0.9998","0.9998"
"GO:0018193","peptidyl-amino acid modification",6,0,1.04,525,"1.0000","0.9998","0.9998"
"GO:0031344","regulation of cell projection organizati...",6,0,1.04,526,"1.0000","0.9998","0.9998"
"GO:0040011","locomotion",6,0,1.04,527,"1.0000","0.9998","0.9998"
"GO:0042493","response to drug",6,0,1.04,528,"1.0000","0.9998","0.9998"
"GO:0043085","positive regulation of catalytic activit...",6,0,1.04,529,"1.0000","0.9998","0.9998"
"GO:0048870","cell motility",6,0,1.04,530,"1.0000","0.9998","0.9998"
"GO:0051674","localization of cell",6,0,1.04,531,"1.0000","0.9998","0.9998"
"GO:0098660","inorganic ion transmembrane transport",6,0,1.04,532,"1.0000","0.9998","0.9998"
"GO:0098662","inorganic cation transmembrane transport",6,0,1.04,533,"1.0000","0.9998","0.9998"
"GO:0120035","regulation of plasma membrane bounded ce...",6,0,1.04,534,"1.0000","0.9998","0.9998"
"GO:0080134","regulation of response to stress",3,0,0.52,535,"1.0000","0.9998","0.9998"
"GO:0000122","negative regulation of transcription by ...",5,0,0.87,536,"1.0000","0.9998","0.9998"
"GO:0002520","immune system development",5,0,0.87,537,"1.0000","0.9998","0.9998"
"GO:0007267","cell-cell signaling",5,0,0.87,538,"1.0000","0.9998","0.9998"
"GO:0030097","hemopoiesis",5,0,0.87,539,"1.0000","0.9998","0.9998"
"GO:0045597","positive regulation of cell differentiat...",5,0,0.87,540,"1.0000","0.9998","0.9998"
"GO:0048534","hematopoietic or lymphoid organ developm...",5,0,0.87,541,"1.0000","0.9998","0.9998"
"GO:0048729","tissue morphogenesis",5,0,0.87,542,"1.0000","0.9998","0.9998"
"GO:0048872","homeostasis of number of cells",5,0,0.87,543,"1.0000","0.9998","0.9998"
"GO:0050776","regulation of immune response",5,0,0.87,544,"1.0000","0.9998","0.9998"
"GO:0051336","regulation of hydrolase activity",5,0,0.87,545,"1.0000","0.9998","0.9998"
"GO:0051347","positive regulation of transferase activ...",5,0,0.87,546,"1.0000","0.9998","0.9998"
"GO:0070838","divalent metal ion transport",5,0,0.87,547,"1.0000","0.9998","0.9998"
"GO:0072511","divalent inorganic cation transport",5,0,0.87,548,"1.0000","0.9998","0.9998"
"GO:0022402","cell cycle process",7,2,1.22,84,"0.3514","0.0370","0.9998"
"GO:0002009","morphogenesis of an epithelium",4,0,0.7,549,"1.0000","0.9998","0.9998"
"GO:0006816","calcium ion transport",4,0,0.7,550,"1.0000","0.9998","0.9998"
"GO:0006873","cellular ion homeostasis",4,0,0.7,551,"1.0000","0.9998","0.9998"
"GO:0006875","cellular metal ion homeostasis",4,0,0.7,552,"1.0000","0.9998","0.9998"
"GO:0007167","enzyme linked receptor protein signaling...",4,0,0.7,553,"1.0000","0.9998","0.9998"
"GO:0010975","regulation of neuron projection developm...",4,0,0.7,554,"1.0000","0.9998","0.9998"
"GO:0030003","cellular cation homeostasis",4,0,0.7,555,"1.0000","0.9998","0.9998"
"GO:0030334","regulation of cell migration",4,0,0.7,556,"1.0000","0.9998","0.9998"
"GO:0033674","positive regulation of kinase activity",4,0,0.7,557,"1.0000","0.9998","0.9998"
"GO:0034762","regulation of transmembrane transport",4,0,0.7,558,"1.0000","0.9998","0.9998"
"GO:0034765","regulation of ion transmembrane transpor...",4,0,0.7,559,"1.0000","0.9998","0.9998"
"GO:0040012","regulation of locomotion",4,0,0.7,560,"1.0000","0.9998","0.9998"
"GO:0042110","T cell activation",4,0,0.7,561,"1.0000","0.9998","0.9998"
"GO:0043269","regulation of ion transport",4,0,0.7,562,"1.0000","0.9998","0.9998"
"GO:0045321","leukocyte activation",4,0,0.7,563,"1.0000","0.9998","0.9998"
"GO:0045860","positive regulation of protein kinase ac...",4,0,0.7,564,"1.0000","0.9998","0.9998"
"GO:0046649","lymphocyte activation",4,0,0.7,565,"1.0000","0.9998","0.9998"
"GO:0050801","ion homeostasis",4,0,0.7,566,"1.0000","0.9998","0.9998"
"GO:0051270","regulation of cellular component movemen...",4,0,0.7,567,"1.0000","0.9998","0.9998"
"GO:0055065","metal ion homeostasis",4,0,0.7,568,"1.0000","0.9998","0.9998"
"GO:0055080","cation homeostasis",4,0,0.7,569,"1.0000","0.9998","0.9998"
"GO:0070588","calcium ion transmembrane transport",4,0,0.7,570,"1.0000","0.9998","0.9998"
"GO:0072359","circulatory system development",4,0,0.7,571,"1.0000","0.9998","0.9998"
"GO:0098771","inorganic ion homeostasis",4,0,0.7,572,"1.0000","0.9998","0.9998"
"GO:1902532","negative regulation of intracellular sig...",4,0,0.7,573,"1.0000","0.9998","0.9998"
"GO:1904062","regulation of cation transmembrane trans...",4,0,0.7,574,"1.0000","0.9998","0.9998"
"GO:2000145","regulation of cell motility",4,0,0.7,575,"1.0000","0.9998","0.9998"
"GO:0001764","neuron migration",3,0,0.52,576,"1.0000","0.9999","0.9999"
"GO:0002521","leukocyte differentiation",3,0,0.52,577,"1.0000","0.9999","0.9999"
"GO:0002694","regulation of leukocyte activation",3,0,0.52,578,"1.0000","0.9999","0.9999"
"GO:0006281","DNA repair",3,0,0.52,579,"1.0000","0.9999","0.9999"
"GO:0007178","transmembrane receptor protein serine/th...",3,0,0.52,580,"1.0000","0.9999","0.9999"
"GO:0007266","Rho protein signal transduction",3,0,0.52,581,"1.0000","0.9999","0.9999"
"GO:0009791","post-embryonic development",3,0,0.52,582,"1.0000","0.9999","0.9999"
"GO:0016055","Wnt signaling pathway",3,0,0.52,583,"1.0000","0.9999","0.9999"
"GO:0016358","dendrite development",3,0,0.52,584,"1.0000","0.9999","0.9999"
"GO:0018212","peptidyl-tyrosine modification",3,0,0.52,585,"1.0000","0.9999","0.9999"
"GO:0022604","regulation of cell morphogenesis",3,0,0.52,586,"1.0000","0.9999","0.9999"
"GO:0030031","cell projection assembly",3,0,0.52,587,"1.0000","0.9999","0.9999"
"GO:0030098","lymphocyte differentiation",3,0,0.52,588,"1.0000","0.9999","0.9999"
"GO:0030217","T cell differentiation",3,0,0.52,589,"1.0000","0.9999","0.9999"
"GO:0032147","activation of protein kinase activity",3,0,0.52,590,"1.0000","0.9999","0.9999"
"GO:0035023","regulation of Rho protein signal transdu...",3,0,0.52,591,"1.0000","0.9999","0.9999"
"GO:0045165","cell fate commitment",3,0,0.52,592,"1.0000","0.9999","0.9999"
"GO:0045580","regulation of T cell differentiation",3,0,0.52,593,"1.0000","0.9999","0.9999"
"GO:0045619","regulation of lymphocyte differentiation",3,0,0.52,594,"1.0000","0.9999","0.9999"
"GO:0048569","post-embryonic animal organ development",3,0,0.52,595,"1.0000","0.9999","0.9999"
"GO:0050863","regulation of T cell activation",3,0,0.52,596,"1.0000","0.9999","0.9999"
"GO:0050865","regulation of cell activation",3,0,0.52,597,"1.0000","0.9999","0.9999"
"GO:0051050","positive regulation of transport",3,0,0.52,598,"1.0000","0.9999","0.9999"
"GO:0051249","regulation of lymphocyte activation",3,0,0.52,599,"1.0000","0.9999","0.9999"
"GO:0060491","regulation of cell projection assembly",3,0,0.52,600,"1.0000","0.9999","0.9999"
"GO:0070848","response to growth factor",3,0,0.52,601,"1.0000","0.9999","0.9999"
"GO:0071363","cellular response to growth factor stimu...",3,0,0.52,602,"1.0000","0.9999","0.9999"
"GO:0120031","plasma membrane bounded cell projection ...",3,0,0.52,603,"1.0000","0.9999","0.9999"
"GO:0120032","regulation of plasma membrane bounded ce...",3,0,0.52,604,"1.0000","0.9999","0.9999"
"GO:0198738","cell-cell signaling by wnt",3,0,0.52,605,"1.0000","0.9999","0.9999"
"GO:1902105","regulation of leukocyte differentiation",3,0,0.52,606,"1.0000","0.9999","0.9999"
"GO:1903706","regulation of hemopoiesis",3,0,0.52,607,"1.0000","0.9999","0.9999"
"GO:1905114","cell surface receptor signaling pathway ...",3,0,0.52,608,"1.0000","0.9999","0.9999"
"GO:0008150","biological_process",224,39,39,609,"1.0000","1.0000","1.0000"
